{
  "exo_world_npz": "/public/home/wenxin/egoallo/egoallo_egobody_trajectories/recording_20210907_S02_S01_01/gvhmr_exo/recording_20210907_S02_S01_01_000450_000578_exo_world.npz",
  "input_npz": "/public/home/wenxin/egoallo/egoallo_egobody_trajectories/recording_20210907_S02_S01_01/egobody_egoallo_input.npz",
  "recording": "recording_20210907_S02_S01_01",
  "start_index": 450,
  "end_index": 578,
  "num_frames": 128,
  "camera_convention": "opencv_to_holo",
  "gt_coordinate_mode": "kinect12_to_holo_zup",
  "root_pred_min": [
    2.5569257736206055,
    -0.8995782136917114,
    -0.8185480833053589
  ],
  "root_pred_max": [
    2.9538097381591797,
    -0.7245141267776489,
    -0.24406024813652039
  ],
  "pv_camera_min": [
    -0.001990679884329438,
    -0.16336700320243835,
    -0.05418020114302635
  ],
  "pv_camera_max": [
    0.1467760056257248,
    -0.12244900315999985,
    0.16165000200271606
  ],
  "gt_valid_frames": 128,
  "root_offset_pred_minus_gt_mean_m": [
    0.8734949231147766,
    -0.1915891468524933,
    0.39650219678878784
  ],
  "root_offset_pred_minus_gt_median_m": [
    0.848340630531311,
    -0.1903969645500183,
    0.408439964056015
  ],
  "root_offset_pred_minus_gt_first_m": [
    0.9508925676345825,
    -0.2477017641067505,
    0.47170400619506836
  ],
  "root_l2_error_m": {
    "mean": 0.9812357425689697,
    "median": 0.9498899579048157,
    "p90": 1.216871976852417,
    "max": 1.274912714958191
  },
  "root_xy_error_m": {
    "mean": 0.8946641087532043,
    "median": 0.8660793304443359,
    "p90": 1.0773992538452148,
    "max": 1.1339114904403687
  },
  "root_z_error_m": {
    "mean": 0.39650219678878784,
    "median": 0.408439964056015,
    "p90": 0.5676197409629822,
    "max": 0.5921316146850586
  },
  "root_l2_error_mean_aligned_m": {
    "mean": 0.16180941462516785,
    "median": 0.16676867008209229,
    "p90": 0.25116610527038574,
    "max": 0.30586859583854675
  },
  "root_xy_error_mean_aligned_m": {
    "mean": 0.11465035378932953,
    "median": 0.11957509815692902,
    "p90": 0.18378201127052307,
    "max": 0.2407948523759842
  },
  "root_z_error_mean_aligned_m": {
    "mean": 0.10829329490661621,
    "median": 0.10064822435379028,
    "p90": 0.1867062747478485,
    "max": 0.21944957971572876
  },
  "root_l2_error_first_aligned_m": {
    "mean": 0.18500646948814392,
    "median": 0.16486304998397827,
    "p90": 0.338096022605896,
    "max": 0.36476680636405945
  },
  "root_xy_error_first_aligned_m": {
    "mean": 0.14038386940956116,
    "median": 0.13426628708839417,
    "p90": 0.23977676033973694,
    "max": 0.2500765025615692
  },
  "root_z_error_first_aligned_m": {
    "mean": 0.11348817497491837,
    "median": 0.10295358300209045,
    "p90": 0.23903997242450714,
    "max": 0.2946513891220093
  },
  "root_delta_pred_min_m": [
    -0.25745129585266113,
    -0.04565322399139404,
    -0.26566529273986816
  ],
  "root_delta_pred_max_m": [
    0.13943266868591309,
    0.12941086292266846,
    0.30882254242897034
  ],
  "root_delta_gt_min_m": [
    -0.056578874588012695,
    -0.026798725128173828,
    -0.04174911975860596
  ],
  "root_delta_gt_max_m": [
    0.013399600982666016,
    0.012329578399658203,
    0.20557010173797607
  ],
  "gt_root_min": [
    1.8069056272506714,
    -0.6330219507217407,
    -1.066335916519165
  ],
  "gt_root_max": [
    1.87688410282135,
    -0.5938936471939087,
    -0.819016695022583
  ],
  "overlays": [
    {
      "sampled_vertices": 575.0,
      "vertex_positive_depth_fraction": 1.0,
      "vertex_in_image_fraction": 0.8730434782608696,
      "joint_positive_depth_fraction": 1.0,
      "joint_in_image_fraction": 0.75,
      "bbox_u_min": 833.5403442382812,
      "bbox_v_min": 541.575927734375,
      "bbox_u_max": 1106.858642578125,
      "bbox_v_max": 1079.160400390625,
      "rel_index": 0,
      "input_index": 450,
      "frame_id": 2500,
      "image_path": "/public/home/wenxin/egobody/egocentric_color/recording_20210907_S02_S01_01/2021-09-07-155421/PV/132754965662807245_frame_02500.jpg",
      "output_path": "/public/home/wenxin/egoallo/egoallo_egobody_trajectories/recording_20210907_S02_S01_01/gvhmr_exo/recording_20210907_S02_S01_01_000450_000578_exo_world_reprojection_debug/overlays/reprojection_0000_input_000450.jpg"
    },
    {
      "sampled_vertices": 575.0,
      "vertex_positive_depth_fraction": 1.0,
      "vertex_in_image_fraction": 0.9617391304347827,
      "joint_positive_depth_fraction": 1.0,
      "joint_in_image_fraction": 0.9583333333333334,
      "bbox_u_min": 815.3861083984375,
      "bbox_v_min": 208.26071166992188,
      "bbox_u_max": 1210.7010498046875,
      "bbox_v_max": 1078.8094482421875,
      "rel_index": 64,
      "input_index": 514,
      "frame_id": 2566,
      "image_path": "/public/home/wenxin/egobody/egocentric_color/recording_20210907_S02_S01_01/2021-09-07-155421/PV/132754965684798188_frame_02566.jpg",
      "output_path": "/public/home/wenxin/egoallo/egoallo_egobody_trajectories/recording_20210907_S02_S01_01/gvhmr_exo/recording_20210907_S02_S01_01_000450_000578_exo_world_reprojection_debug/overlays/reprojection_0064_input_000514.jpg"
    },
    {
      "sampled_vertices": 575.0,
      "vertex_positive_depth_fraction": 1.0,
      "vertex_in_image_fraction": 0.8643478260869565,
      "joint_positive_depth_fraction": 1.0,
      "joint_in_image_fraction": 0.75,
      "bbox_u_min": 769.7662963867188,
      "bbox_v_min": 533.65087890625,
      "bbox_u_max": 1151.3779296875,
      "bbox_v_max": 1076.1322021484375,
      "rel_index": 127,
      "input_index": 577,
      "frame_id": 2635,
      "image_path": "/public/home/wenxin/egobody/egocentric_color/recording_20210907_S02_S01_01/2021-09-07-155421/PV/132754965707788720_frame_02635.jpg",
      "output_path": "/public/home/wenxin/egoallo/egoallo_egobody_trajectories/recording_20210907_S02_S01_01/gvhmr_exo/recording_20210907_S02_S01_01_000450_000578_exo_world_reprojection_debug/overlays/reprojection_0127_input_000577.jpg"
    }
  ],
  "overlay_vertex_positive_depth_fraction_mean": 1.0,
  "overlay_vertex_in_image_fraction_mean": 0.8997101449275363,
  "overlay_joint_positive_depth_fraction_mean": 1.0,
  "overlay_joint_in_image_fraction_mean": 0.8194444444444445
}