{
  "exo_world_npz": "/public/home/wenxin/egoallo/egoallo_egobody_trajectories/recording_20210907_S04_S03_02/gvhmr_exo/recording_20210907_S04_S03_02_000450_000578_try1_exo_world_interaction_v1.npz",
  "input_npz": "/public/home/wenxin/egoallo/egoallo_egobody_trajectories/recording_20210907_S04_S03_02/egobody_egoallo_input.npz",
  "recording": "recording_20210907_S04_S03_02",
  "start_index": 450,
  "end_index": 578,
  "num_frames": 128,
  "camera_convention": "opencv_to_holo",
  "gt_coordinate_mode": "kinect12_to_holo_zup",
  "root_pred_min": [
    -4.895478248596191,
    -0.708177924156189,
    -0.4891246557235718
  ],
  "root_pred_max": [
    -3.893380880355835,
    0.09940065443515778,
    -0.21818402409553528
  ],
  "pv_camera_min": [
    -3.0357000827789307,
    0.7793400287628174,
    0.514868974685669
  ],
  "pv_camera_max": [
    -2.8812899589538574,
    1.3054499626159668,
    0.5568270087242126
  ],
  "gt_valid_frames": 128,
  "root_offset_pred_minus_gt_mean_m": [
    -0.14859555661678314,
    -0.09016187489032745,
    0.2704330384731293
  ],
  "root_offset_pred_minus_gt_median_m": [
    -0.11167120933532715,
    -0.0704604983329773,
    0.2880237400531769
  ],
  "root_offset_pred_minus_gt_first_m": [
    -0.08199524879455566,
    -0.058319441974163055,
    0.3159114718437195
  ],
  "root_l2_error_m": {
    "mean": 0.34082695841789246,
    "median": 0.3266618847846985,
    "p90": 0.37951788306236267,
    "max": 0.7454208135604858
  },
  "root_xy_error_m": {
    "mean": 0.17866253852844238,
    "median": 0.13032346963882446,
    "p90": 0.3151593506336212,
    "max": 0.6875448822975159
  },
  "root_z_error_m": {
    "mean": 0.2704330086708069,
    "median": 0.2880237400531769,
    "p90": 0.31155481934547424,
    "max": 0.3243986666202545
  },
  "root_l2_error_mean_aligned_m": {
    "mean": 0.10109025239944458,
    "median": 0.07697559893131256,
    "p90": 0.15879608690738678,
    "max": 0.5892334580421448
  },
  "root_xy_error_mean_aligned_m": {
    "mean": 0.0927034392952919,
    "median": 0.07277116179466248,
    "p90": 0.1440449357032776,
    "max": 0.5889720916748047
  },
  "root_z_error_mean_aligned_m": {
    "mean": 0.03653615713119507,
    "median": 0.028760552406311035,
    "p90": 0.06241455674171448,
    "max": 0.1821252405643463
  },
  "root_l2_error_first_aligned_m": {
    "mean": 0.10257884860038757,
    "median": 0.05139376223087311,
    "p90": 0.2444579154253006,
    "max": 0.621208131313324
  },
  "root_xy_error_first_aligned_m": {
    "mean": 0.08867032825946808,
    "median": 0.04035554453730583,
    "p90": 0.21722020208835602,
    "max": 0.6205800175666809
  },
  "root_z_error_first_aligned_m": {
    "mean": 0.04580766335129738,
    "median": 0.027887731790542603,
    "p90": 0.10789299011230469,
    "max": 0.22760367393493652
  },
  "root_delta_pred_min_m": [
    -0.9232165813446045,
    -0.672091007232666,
    -0.24137239158153534
  ],
  "root_delta_pred_max_m": [
    0.07888078689575195,
    0.13548755645751953,
    0.02956824004650116
  ],
  "root_delta_gt_min_m": [
    -0.8569049835205078,
    -0.05231666564941406,
    -0.015206634998321533
  ],
  "root_delta_gt_max_m": [
    0.043565988540649414,
    0.12152737379074097,
    0.03000342845916748
  ],
  "gt_root_min": [
    -4.747171401977539,
    -0.03008413314819336,
    -0.5788703560829163
  ],
  "gt_root_max": [
    -3.846700429916382,
    0.14375990629196167,
    -0.5336602926254272
  ],
  "exo_body_joint_metrics": {
    "valid_frames": 128,
    "joint_indices": [
      0,
      1,
      2,
      3,
      4,
      5,
      6,
      7,
      8,
      9,
      10,
      11,
      12,
      13,
      14,
      15,
      16,
      17,
      18,
      19,
      20,
      21
    ],
    "mpjpe_m": {
      "mean": 0.17071887850761414,
      "median": 0.11312605440616608,
      "p90": 0.310913622379303,
      "max": 0.7162835597991943
    },
    "root_aligned_mpjpe_m": {
      "mean": 0.06590843200683594,
      "median": 0.0591273233294487,
      "p90": 0.0899525135755539,
      "max": 0.14942987263202667
    },
    "pa_mpjpe_m": {
      "mean": 0.047730788588523865,
      "median": 0.045999351888895035,
      "p90": 0.06212582066655159,
      "max": 0.06902170926332474
    }
  },
  "ego_sensor_head_track_error_m": {
    "valid_frames": 128,
    "l2_m": {
      "mean": 0.10299985110759735,
      "median": 0.10082736611366272,
      "p90": 0.11668504774570465,
      "max": 0.1350683867931366
    },
    "xyz_abs_m": {
      "x": {
        "mean": 0.08063355088233948,
        "median": 0.07292711734771729,
        "p90": 0.10958857834339142,
        "max": 0.12191605567932129
      },
      "y": {
        "mean": 0.053553301841020584,
        "median": 0.0581112802028656,
        "p90": 0.0758042186498642,
        "max": 0.08777451515197754
      },
      "z": {
        "mean": 0.01878252439200878,
        "median": 0.022349387407302856,
        "p90": 0.030429059639573097,
        "max": 0.03177952766418457
      }
    }
  },
  "ego_sensor_left_wrist_track_error_m": {
    "valid_frames": 0
  },
  "ego_sensor_right_wrist_track_error_m": {
    "valid_frames": 0
  },
  "baseline_comparison": {
    "source": "/public/home/wenxin/egoallo/egoallo_egobody_trajectories/recording_20210907_S04_S03_02/gvhmr_exo/recording_20210907_S04_S03_02_000450_000578_try1_exo_world.npz",
    "root_l2_error_m": {
      "mean": 0.3373485803604126,
      "median": 0.33186838030815125,
      "p90": 0.3639126420021057,
      "max": 0.705735445022583
    },
    "root_z_error_m": {
      "mean": 0.2945214509963989,
      "median": 0.31421101093292236,
      "p90": 0.3386436998844147,
      "max": 0.35324329137802124
    },
    "delta_current_minus_baseline_root_l2_mean_m": 0.0034783780574798584,
    "exo_body_joint_metrics": {
      "valid_frames": 128,
      "joint_indices": [
        0,
        1,
        2,
        3,
        4,
        5,
        6,
        7,
        8,
        9,
        10,
        11,
        12,
        13,
        14,
        15,
        16,
        17,
        18,
        19,
        20,
        21
      ],
      "mpjpe_m": {
        "mean": 0.1294780969619751,
        "median": 0.08789590001106262,
        "p90": 0.28457769751548767,
        "max": 0.6658422350883484
      },
      "root_aligned_mpjpe_m": {
        "mean": 0.06612762063741684,
        "median": 0.058854177594184875,
        "p90": 0.089518703520298,
        "max": 0.14773140847682953
      },
      "pa_mpjpe_m": {
        "mean": 0.047730788588523865,
        "median": 0.04599935561418533,
        "p90": 0.0621257983148098,
        "max": 0.06902170926332474
      }
    },
    "delta_current_minus_baseline_mpjpe_mean_m": 0.04124078154563904,
    "delta_current_minus_baseline_pa_mpjpe_mean_m": 0.0
  },
  "overlays": [
    {
      "sampled_vertices": 575.0,
      "vertex_positive_depth_fraction": 1.0,
      "vertex_in_image_fraction": 0.8921739130434783,
      "joint_positive_depth_fraction": 1.0,
      "joint_in_image_fraction": 0.8333333333333334,
      "bbox_u_min": 821.5638427734375,
      "bbox_v_min": 31.3123779296875,
      "bbox_u_max": 1244.2293701171875,
      "bbox_v_max": 1079.80322265625,
      "rel_index": 0,
      "input_index": 450,
      "frame_id": 2178,
      "image_path": "/public/home/wenxin/egobody/egocentric_color/recording_20210907_S04_S03_02/2021-09-07-171131/PV/132755011479956532_frame_02178.jpg",
      "output_path": "/public/home/wenxin/egoallo/egoallo_egobody_trajectories/recording_20210907_S04_S03_02/gvhmr_exo/recording_20210907_S04_S03_02_000450_000578_try1_exo_world_interaction_v1_reprojection_debug/overlays/reprojection_0000_input_000450.jpg"
    },
    {
      "sampled_vertices": 575.0,
      "vertex_positive_depth_fraction": 1.0,
      "vertex_in_image_fraction": 0.8973913043478261,
      "joint_positive_depth_fraction": 1.0,
      "joint_in_image_fraction": 0.8333333333333334,
      "bbox_u_min": 854.9004516601562,
      "bbox_v_min": 58.476531982421875,