{
  "exo_world_npz": "/public/home/wenxin/egoallo/egoallo_egobody_trajectories/recording_20210907_S02_S01_01/gvhmr_exo/recording_20210907_S02_S01_01_000450_000578_realK_exo_world.npz",
  "input_npz": "/public/home/wenxin/egoallo/egoallo_egobody_trajectories/recording_20210907_S02_S01_01/egobody_egoallo_input.npz",
  "recording": "recording_20210907_S02_S01_01",
  "start_index": 450,
  "end_index": 578,
  "num_frames": 128,
  "camera_convention": "opencv_to_holo",
  "gt_coordinate_mode": "kinect12_to_holo_zup",
  "root_pred_min": [
    1.755138874053955,
    -0.7033464908599854,
    -0.692620575428009
  ],
  "root_pred_max": [
    2.029996871948242,
    -0.6047070026397705,
    -0.3988996744155884
  ],
  "pv_camera_min": [
    -0.001990679884329438,
    -0.16336700320243835,
    -0.05418020114302635
  ],
  "pv_camera_max": [
    0.1467760056257248,
    -0.12244900315999985,
    0.16165000200271606
  ],
  "gt_valid_frames": 128,
  "root_offset_pred_minus_gt_mean_m": [
    0.022639725357294083,
    -0.032929424196481705,
    0.3941906988620758
  ],
  "root_offset_pred_minus_gt_median_m": [
    0.0030295252799987793,
    -0.024668097496032715,
    0.3914813995361328
  ],
  "root_offset_pred_minus_gt_first_m": [
    0.07195782661437988,
    -0.06339597702026367,
    0.39743316173553467
  ],
  "root_l2_error_m": {
    "mean": 0.40372344851493835,
    "median": 0.3941064476966858,
    "p90": 0.4473980665206909,
    "max": 0.47629547119140625
  },
  "root_xy_error_m": {
    "mean": 0.07649677991867065,
    "median": 0.0656205266714096,
    "p90": 0.14968915283679962,
    "max": 0.19377575814723969
  },
  "root_z_error_m": {
    "mean": 0.39419060945510864,
    "median": 0.3914813995361328,
    "p90": 0.4236984848976135,
    "max": 0.437292218208313
  },
  "root_l2_error_mean_aligned_m": {
    "mean": 0.07370734959840775,
    "median": 0.0721745416522026,
    "p90": 0.1216525286436081,
    "max": 0.16545118391513824
  },
  "root_xy_error_mean_aligned_m": {
    "mean": 0.07171449810266495,
    "median": 0.06932804733514786,
    "p90": 0.11711379885673523,
    "max": 0.16131620109081268
  },
  "root_z_error_mean_aligned_m": {
    "mean": 0.014895254746079445,
    "median": 0.013962537050247192,
    "p90": 0.03071650303900242,
    "max": 0.04310151934623718
  },
  "root_l2_error_first_aligned_m": {
    "mean": 0.08912652730941772,
    "median": 0.0886625200510025,
    "p90": 0.14889298379421234,
    "max": 0.15795491635799408
  },
  "root_xy_error_first_aligned_m": {
    "mean": 0.08642367273569107,
    "median": 0.08697344362735748,
    "p90": 0.14765310287475586,
    "max": 0.1542854607105255
  },
  "root_z_error_first_aligned_m": {
    "mean": 0.015701770782470703,
    "median": 0.016544759273529053,
    "p90": 0.029592419043183327,
    "max": 0.03985905647277832
  },
  "root_delta_pred_min_m": [
    -0.1803034543991089,
    -0.033727288246154785,
    -0.06546694040298462
  ],
  "root_delta_pred_max_m": [
    0.09455454349517822,
    0.06491219997406006,
    0.22825396060943604
  ],
  "root_delta_gt_min_m": [
    -0.056578874588012695,
    -0.026798725128173828,
    -0.04174911975860596
  ],
  "root_delta_gt_max_m": [
    0.013399600982666016,
    0.012329578399658203,
    0.20557010173797607
  ],
  "gt_root_min": [
    1.8069056272506714,
    -0.6330219507217407,
    -1.066335916519165
  ],
  "gt_root_max": [
    1.87688410282135,
    -0.5938936471939087,
    -0.819016695022583
  ],
  "exo_body_joint_metrics": {
    "valid_frames": 128,
    "joint_indices": [
      0,
      1,
      2,
      3,
      4,
      5,
      6,
      7,
      8,
      9,
      10,
      11,
      12,
      13,
      14,
      15,
      16,
      17,
      18,
      19,
      20,
      21
    ],
    "mpjpe_m": {
      "mean": 0.11144320666790009,
      "median": 0.10849468410015106,
      "p90": 0.1329152137041092,
      "max": 0.14751963317394257
    },
    "root_aligned_mpjpe_m": {
      "mean": 0.08588650822639465,
      "median": 0.076713427901268,
      "p90": 0.125108540058136,
      "max": 0.13767679035663605
    },
    "pa_mpjpe_m": {
      "mean": 0.05619592219591141,
      "median": 0.05853847414255142,
      "p90": 0.0693034902215004,
      "max": 0.0788537934422493
    }
  },
  "exo_head_track_error_m": {
    "valid_frames": 128,
    "l2_m": {
      "mean": 0.13850510120391846,
      "median": 0.14439012110233307,
      "p90": 0.17220768332481384,
      "max": 0.18539763987064362
    },
    "xyz_abs_m": {
      "x": {
        "mean": 0.10224840044975281,
        "median": 0.10645973682403564,
        "p90": 0.13959506154060364,
        "max": 0.16071712970733643
      },
      "y": {
        "mean": 0.03954477608203888,
        "median": 0.04210582375526428,
        "p90": 0.05507221072912216,
        "max": 0.06033903360366821
      },
      "z": {
        "mean": 0.0820559561252594,
        "median": 0.08453695476055145,
        "p90": 0.09358221292495728,
        "max": 0.10029647499322891
      }
    }
  },
  "exo_left_wrist_track_error_m": {
    "valid_frames": 128,
    "l2_m": {
      "mean": 0.07363827526569366,
      "median": 0.07597921788692474,
      "p90": 0.11620652675628662,
      "max": 0.12779244780540466
    },
    "xyz_abs_m": {
      "x": {
        "mean": 0.04463980346918106,
        "median": 0.04113149642944336,
        "p90": 0.08600513637065887,
        "max": 0.10358583927154541
      },
      "y": {
        "mean": 0.015054591000080109,
        "median": 0.011191368103027344,
        "p90": 0.03849169611930847,
        "max": 0.054732561111450195
      },
      "z": {
        "mean": 0.04827944189310074,
        "median": 0.05786588788032532,
        "p90": 0.07846580445766449,
        "max": 0.09834259748458862
      }
    }
  },
  "exo_right_wrist_track_error_m": {
    "valid_frames": 128,
    "l2_m": {
      "mean": 0.07793018221855164,
      "median": 0.08249425143003464,
      "p90": 0.10982067883014679,
      "max": 0.12136741727590561
    },
    "xyz_abs_m": {
      "x": {
        "mean": 0.04972706362605095,
        "median": 0.05199986696243286,
        "p90": 0.09055347740650177,
        "max": 0.11821913719177246
      },
      "y": {
        "mean": 0.022123020142316818,
        "median": 0.021323546767234802,
        "p90": 0.04397955536842346,
        "max": 0.05426892638206482
      },
      "z": {
        "mean": 0.043980978429317474,
        "median": 0.04411095380783081,
        "p90": 0.0810408890247345,
        "max": 0.08682876825332642
      }
    }
  },
  "ego_sensor_head_track_error_m": {
    "valid_frames": 128,
    "l2_m": {
      "mean": 0.10062892735004425,
      "median": 0.10450948774814606,
      "p90": 0.11339122802019119,
      "max": 0.11954229325056076
    },
    "xyz_abs_m": {
      "x": {
        "mean": 0.07643695175647736,
        "median": 0.07402072846889496,
        "p90": 0.09368426352739334,
        "max": 0.09871673583984375
      },
      "y": {
        "mean": 0.023362325504422188,
        "median": 0.02451867237687111,
        "p90": 0.03488026559352875,
        "max": 0.046306222677230835
      },
      "z": {
        "mean": 0.05745659023523331,
        "median": 0.05871773138642311,
        "p90": 0.079212985932827,
        "max": 0.08347956836223602
      }
    }
  },
  "ego_sensor_left_wrist_track_error_m": {
    "valid_frames": 26,
    "l2_m": {
      "mean": 0.05051136016845703,
      "median": 0.040243249386548996,
      "p90": 0.06881235539913177,
      "max": 0.12031297385692596
    },
    "xyz_abs_m": {
      "x": {
        "mean": 0.012395650148391724,
        "median": 0.011157438158988953,
        "p90": 0.02201882004737854,
        "max": 0.028208822011947632
      },
      "y": {
        "mean": 0.0087371114641428,
        "median": 0.00782463513314724,
        "p90": 0.018366273492574692,
        "max": 0.021215002983808517
      },
      "z": {
        "mean": 0.04683170095086098,
        "median": 0.035823896527290344,
        "p90": 0.06802327930927277,