{
  "exo_world_npz": "/public/home/wenxin/egoallo/egoallo_egobody_trajectories/recording_20210907_S04_S03_02/gvhmr_exo/recording_20210907_S04_S03_02_000256_000384_physics_sweep_exo_world_optimized.npz",
  "input_npz": "/public/home/wenxin/egoallo/egoallo_egobody_trajectories/recording_20210907_S04_S03_02/egobody_egoallo_input.npz",
  "recording": "recording_20210907_S04_S03_02",
  "start_index": 256,
  "end_index": 384,
  "num_frames": 128,
  "camera_convention": "opencv_to_holo",
  "gt_coordinate_mode": "kinect12_to_holo_zup",
  "root_pred_min": [
    -4.297237396240234,
    0.0003196578472852707,
    -0.25771838426589966
  ],
  "root_pred_max": [
    -3.906402111053467,
    0.26807624101638794,
    -0.21603679656982422
  ],
  "pv_camera_min": [
    -2.9634900093078613,
    1.1013400554656982,
    0.5405870079994202
  ],
  "pv_camera_max": [
    -2.9105100631713867,
    1.1477199792861938,
    0.591651976108551
  ],
  "gt_valid_frames": 128,
  "root_offset_pred_minus_gt_mean_m": [
    -0.046173300594091415,
    -0.00019765645265579224,
    0.3341948986053467
  ],
  "root_offset_pred_minus_gt_median_m": [
    -0.03691089153289795,
    0.004930317401885986,
    0.33166131377220154
  ],
  "root_offset_pred_minus_gt_first_m": [
    0.019235610961914062,
    0.03432099521160126,
    0.3257937431335449
  ],
  "root_l2_error_m": {
    "mean": 0.34014058113098145,
    "median": 0.33920660614967346,
    "p90": 0.35037702322006226,
    "max": 0.41741418838500977
  },
  "root_xy_error_m": {
    "mean": 0.05224425718188286,
    "median": 0.038773030042648315,
    "p90": 0.08813850581645966,
    "max": 0.21383891999721527
  },
  "root_z_error_m": {
    "mean": 0.3341948986053467,
    "median": 0.33166131377220154,
    "p90": 0.34823551774024963,
    "max": 0.3595600128173828
  },
  "root_l2_error_mean_aligned_m": {
    "mean": 0.03731371462345123,
    "median": 0.03138411045074463,
    "p90": 0.054723210632801056,
    "max": 0.17415587604045868
  },
  "root_xy_error_mean_aligned_m": {
    "mean": 0.03561250865459442,
    "median": 0.030869998037815094,
    "p90": 0.054340485483407974,
    "max": 0.17245441675186157
  },
  "root_z_error_mean_aligned_m": {
    "mean": 0.008648917078971863,
    "median": 0.00810202956199646,
    "p90": 0.014465540647506714,
    "max": 0.025365114212036133
  },
  "root_l2_error_first_aligned_m": {
    "mean": 0.07523123174905777,
    "median": 0.06579643487930298,
    "p90": 0.11969125270843506,
    "max": 0.2485409677028656
  },
  "root_xy_error_first_aligned_m": {
    "mean": 0.07420048862695694,
    "median": 0.06303852051496506,
    "p90": 0.1188608705997467,
    "max": 0.24638234078884125
  },
  "root_z_error_first_aligned_m": {
    "mean": 0.009361938573420048,
    "median": 0.006113678216934204,
    "p90": 0.022441769018769264,
    "max": 0.03376626968383789
  },
  "root_delta_pred_min_m": [
    -0.19542264938354492,
    -0.24685214459896088,
    -0.03384526073932648
  ],
  "root_delta_pred_max_m": [
    0.19541263580322266,
    0.020904436707496643,
    0.007836326956748962
  ],
  "root_delta_gt_min_m": [
    -0.012180328369140625,
    -0.19168949127197266,
    -0.03202211856842041
  ],
  "root_delta_gt_max_m": [
    0.23418259620666504,
    0.04058098793029785,
    0.0033277273178100586
  ],
  "gt_root_min": [
    -4.133230686187744,
    0.021161317825317383,
    -0.5816890001296997
  ],
  "gt_root_max": [
    -3.8868677616119385,
    0.2534317970275879,
    -0.5463391542434692
  ],
  "exo_body_joint_metrics": {
    "valid_frames": 128,
    "joint_indices": [
      0,
      1,
      2,
      3,
      4,
      5,
      6,
      7,
      8,
      9,
      10,
      11,
      12,
      13,
      14,
      15,
      16,
      17,
      18,
      19,
      20,
      21
    ],
    "mpjpe_m": {
      "mean": 0.08127414435148239,
      "median": 0.07707631587982178,
      "p90": 0.10151348263025284,
      "max": 0.17864419519901276
    },
    "root_aligned_mpjpe_m": {
      "mean": 0.0744694173336029,
      "median": 0.07292425632476807,
      "p90": 0.0904732197523117,
      "max": 0.13516119122505188
    },
    "pa_mpjpe_m": {
      "mean": 0.05570607632398605,
      "median": 0.05181015282869339,
      "p90": 0.06869208067655563,
      "max": 0.11099418997764587
    }
  },
  "ego_sensor_head_track_error_m": {
    "valid_frames": 128,
    "l2_m": {
      "mean": 0.09856592863798141,
      "median": 0.09908983111381531,
      "p90": 0.10228631645441055,
      "max": 0.10607022047042847
    },
    "xyz_abs_m": {
      "x": {
        "mean": 0.06763632595539093,
        "median": 0.06689119338989258,
        "p90": 0.07691898196935654,
        "max": 0.07915163040161133
      },
      "y": {
        "mean": 0.06343039125204086,
        "median": 0.06394332647323608,
        "p90": 0.07326827198266983,
        "max": 0.07549357414245605
      },
      "z": {
        "mean": 0.03162834048271179,
        "median": 0.03193160891532898,
        "p90": 0.03431912511587143,
        "max": 0.05117303133010864
      }
    }
  },
  "ego_sensor_left_wrist_track_error_m": {
    "valid_frames": 0
  },
  "ego_sensor_right_wrist_track_error_m": {
    "valid_frames": 0
  },
  "baseline_comparison": {
    "source": "embedded_original",
    "root_l2_error_m": {
      "mean": 0.3550170063972473,
      "median": 0.3529112935066223,
      "p90": 0.3637966513633728,
      "max": 0.44824138283729553
    },
    "root_z_error_m": {
      "mean": 0.34971997141838074,
      "median": 0.3494761884212494,
      "p90": 0.3604995012283325,
      "max": 0.3905184268951416
    },
    "delta_current_minus_baseline_root_l2_mean_m": -0.01487642526626587,
    "exo_body_joint_metrics": {
      "valid_frames": 128,
      "joint_indices": [
        0,
        1,
        2,
        3,
        4,
        5,
        6,
        7,
        8,
        9,
        10,
        11,
        12,
        13,
        14,
        15,
        16,
        17,
        18,
        19,
        20,
        21
      ],
      "mpjpe_m": {
        "mean": 0.08897245675325394,
        "median": 0.08728717267513275,
        "p90": 0.11012718081474304,
        "max": 0.19377145171165466
      },
      "root_aligned_mpjpe_m": {
        "mean": 0.07459255307912827,
        "median": 0.07297829538583755,
        "p90": 0.09053140878677368,
        "max": 0.13521498441696167
      },
      "pa_mpjpe_m": {
        "mean": 0.05570608377456665,
        "median": 0.05181015282869339,
        "p90": 0.0686921626329422,
        "max": 0.11099415272474289
      }
    },
    "delta_current_minus_baseline_mpjpe_mean_m": -0.007698312401771545,
    "delta_current_minus_baseline_pa_mpjpe_mean_m": -7.450580596923828e-09
  },
  "overlays": [
    {
      "sampled_vertices": 575.0,
      "vertex_positive_depth_fraction": 1.0,
      "vertex_in_image_fraction": 0.8695652173913043,
      "joint_positive_depth_fraction": 1.0,
      "joint_in_image_fraction": 0.7916666666666666,
      "bbox_u_min": 921.72900390625,
      "bbox_v_min": 62.304656982421875,
      "bbox_u_max": 1360.6868896484375,
      "bbox_v_max": 1079.975830078125,
      "rel_index": 0,
      "input_index": 256,
      "frame_id": 1979,
      "image_path": "/public/home/wenxin/egobody/egocentric_color/recording_20210907_S04_S03_02/2021-09-07-171131/PV/132755011413650416_frame_01979.jpg",
      "output_path": "/public/home/wenxin/egoallo/egoallo_egobody_trajectories/recording_20210907_S04_S03_02/gvhmr_exo/recording_20210907_S04_S03_02_000256_000384_physics_sweep_exo_world_optimized_reprojection_debug/overlays/reprojection_0000_input_000256.jpg"
    },
    {
      "sampled_vertices": 575.0,
      "vertex_positive_depth_fraction": 1.0,
      "vertex_in_image_fraction": 0.8208695652173913,
      "joint_positive_depth_fraction": 1.0,
      "joint_in_image_fraction": 0.75,
      "bbox_u_min": 901.8433227539062,
      "bbox_v_min": 221.94842529296875,
      "bbox_u_max": 1449.83544921875,
      "bbox_v_max": 1077.36083984375,
      "rel_index": 25,