{
  "recording": "recording_20210907_S04_S03_02",
  "run_name": "physics_sweep",
  "traj_length": 128,
  "stride": 128,
  "starts": [
    0,
    128,
    256
  ],
  "num_windows": 3,
  "num_ok": 3,
  "means": {
    "baseline_mpjpe_mean_m": 0.10483928273121516,
    "baseline_pa_mpjpe_mean_m": 0.05622847005724907,
    "baseline_root_l2_mean_m": 0.33685529232025146,
    "delta_mpjpe_mean_m": -0.013200956086317698,
    "delta_pa_mpjpe_mean_m": -2.483526865641276e-09,
    "delta_root_l2_mean_m": 0.015332390864690145,
    "ego_sensor_head_l2_mean_m": 0.09816890954971313,
    "mpjpe_mean_m": 0.09163832664489746,
    "pa_mpjpe_mean_m": 0.056228467573722206,
    "reproj_joint_in_image_mean": 0.7106481481481483,
    "reproj_vertex_in_image_mean": 0.8027053140096619,
    "root_aligned_mpjpe_mean_m": 0.07213352868954341,
    "root_l2_mean_m": 0.3521876831849416,
    "root_z_mean_m": 0.33990535140037537
  },
  "windows": [
    {
      "start_index": 0,
      "end_index": 128,
      "video_name": "recording_20210907_S04_S03_02_000000_000128_physics_sweep",
      "metrics_path": "/public/home/wenxin/egoallo/egoallo_egobody_trajectories/recording_20210907_S04_S03_02/gvhmr_exo/recording_20210907_S04_S03_02_000000_000128_physics_sweep_exo_world_optimized_reprojection_debug/metrics.json",
      "status": "ok",
      "root_l2_mean_m": 0.3631504774093628,
      "root_z_mean_m": 0.3446778655052185,
      "mpjpe_mean_m": 0.10318451374769211,
      "root_aligned_mpjpe_mean_m": 0.07017675042152405,
      "pa_mpjpe_mean_m": 0.05650709569454193,
      "reproj_vertex_in_image_mean": 0.7759420289855073,
      "reproj_joint_in_image_mean": 0.6736111111111112,
      "baseline_root_l2_mean_m": 0.3260364532470703,
      "baseline_mpjpe_mean_m": 0.12175260484218597,
      "baseline_pa_mpjpe_mean_m": 0.05650709196925163,
      "delta_root_l2_mean_m": 0.03711402416229248,
      "delta_mpjpe_mean_m": -0.018568091094493866,
      "delta_pa_mpjpe_mean_m": 3.725290298461914e-09,
      "ego_sensor_head_l2_mean_m": 0.09957432001829147,
      "ego_sensor_left_wrist_l2_mean_m": null,
      "ego_sensor_right_wrist_l2_mean_m": null
    },
    {
      "start_index": 128,
      "end_index": 256,
      "video_name": "recording_20210907_S04_S03_02_000128_000256_physics_sweep",
      "metrics_path": "/public/home/wenxin/egoallo/egoallo_egobody_trajectories/recording_20210907_S04_S03_02/gvhmr_exo/recording_20210907_S04_S03_02_000128_000256_physics_sweep_exo_world_optimized_reprojection_debug/metrics.json",
      "status": "ok",
      "root_l2_mean_m": 0.3532719910144806,
      "root_z_mean_m": 0.3408432900905609,
      "mpjpe_mean_m": 0.09045632183551788,
      "root_aligned_mpjpe_mean_m": 0.07175441831350327,
      "pa_mpjpe_mean_m": 0.056472230702638626,
      "reproj_vertex_in_image_mean": 0.8011594202898551,
      "reproj_joint_in_image_mean": 0.7222222222222223,
      "baseline_root_l2_mean_m": 0.32951241731643677,
      "baseline_mpjpe_mean_m": 0.10379278659820557,
      "baseline_pa_mpjpe_mean_m": 0.056472234427928925,
      "delta_root_l2_mean_m": 0.023759573698043823,
      "delta_mpjpe_mean_m": -0.013336464762687683,
      "delta_pa_mpjpe_mean_m": -3.725290298461914e-09,
      "ego_sensor_head_l2_mean_m": 0.09636647999286652,
      "ego_sensor_left_wrist_l2_mean_m": null,
      "ego_sensor_right_wrist_l2_mean_m": null
    },
    {
      "start_index": 256,
      "end_index": 384,
      "video_name": "recording_20210907_S04_S03_02_000256_000384_physics_sweep",
      "metrics_path": "/public/home/wenxin/egoallo/egoallo_egobody_trajectories/recording_20210907_S04_S03_02/gvhmr_exo/recording_20210907_S04_S03_02_000256_000384_physics_sweep_exo_world_optimized_reprojection_debug/metrics.json",
      "status": "ok",
      "root_l2_mean_m": 0.34014058113098145,
      "root_z_mean_m": 0.3341948986053467,
      "mpjpe_mean_m": 0.08127414435148239,
      "root_aligned_mpjpe_mean_m": 0.0744694173336029,
      "pa_mpjpe_mean_m": 0.05570607632398605,
      "reproj_vertex_in_image_mean": 0.8310144927536233,
      "reproj_joint_in_image_mean": 0.736111111111111,
      "baseline_root_l2_mean_m": 0.3550170063972473,
      "baseline_mpjpe_mean_m": 0.08897245675325394,
      "baseline_pa_mpjpe_mean_m": 0.05570608377456665,
      "delta_root_l2_mean_m": -0.01487642526626587,
      "delta_mpjpe_mean_m": -0.007698312401771545,
      "delta_pa_mpjpe_mean_m": -7.450580596923828e-09,
      "ego_sensor_head_l2_mean_m": 0.09856592863798141,
      "ego_sensor_left_wrist_l2_mean_m": null,
      "ego_sensor_right_wrist_l2_mean_m": null
    }
  ]
}