{
  "recording": "recording_20210907_S04_S03_02",
  "run_name": "try1",
  "traj_length": 128,
  "stride": 128,
  "starts": [
    450,
    578,
    706
  ],
  "num_windows": 3,
  "num_ok": 3,
  "means": {
    "baseline_mpjpe_mean_m": 0.1078178808093071,
    "baseline_pa_mpjpe_mean_m": 0.05598700791597366,
    "baseline_root_l2_mean_m": 0.3210172454516093,
    "delta_mpjpe_mean_m": -0.0008401448527971903,
    "delta_pa_mpjpe_mean_m": 0.0,
    "delta_root_l2_mean_m": -0.0009679794311523438,
    "ego_sensor_head_l2_mean_m": 0.09506287922461827,
    "mpjpe_mean_m": 0.1069777359565099,
    "pa_mpjpe_mean_m": 0.05598700791597366,
    "reproj_joint_in_image_mean": 0.7523148148148149,
    "reproj_vertex_in_image_mean": 0.8287922705314009,
    "root_aligned_mpjpe_mean_m": 0.07077871759732564,
    "root_l2_mean_m": 0.32004926602045697,
    "root_z_mean_m": 0.3008334239323934
  },
  "windows": [
    {
      "start_index": 450,
      "end_index": 578,
      "video_name": "recording_20210907_S04_S03_02_000450_000578_try1",
      "metrics_path": "/public/home/wenxin/egoallo/egoallo_egobody_trajectories/recording_20210907_S04_S03_02/gvhmr_exo/recording_20210907_S04_S03_02_000450_000578_try1_exo_world_optimized_reprojection_debug/metrics.json",
      "status": "ok",
      "root_l2_mean_m": 0.33482328057289124,
      "root_z_mean_m": 0.2945214509963989,
      "mpjpe_mean_m": 0.12808600068092346,
      "root_aligned_mpjpe_mean_m": 0.06612762808799744,
      "pa_mpjpe_mean_m": 0.047730788588523865,
      "reproj_vertex_in_image_mean": 0.8999999999999999,
      "reproj_joint_in_image_mean": 0.861111111111111,
      "baseline_root_l2_mean_m": 0.3373485803604126,
      "baseline_mpjpe_mean_m": 0.1294780969619751,
      "baseline_pa_mpjpe_mean_m": 0.047730788588523865,
      "delta_root_l2_mean_m": -0.0025252997875213623,
      "delta_mpjpe_mean_m": -0.0013920962810516357,
      "delta_pa_mpjpe_mean_m": 0.0,
      "ego_sensor_head_l2_mean_m": 0.10299985110759735,
      "ego_sensor_left_wrist_l2_mean_m": null,
      "ego_sensor_right_wrist_l2_mean_m": null
    },
    {
      "start_index": 578,
      "end_index": 706,
      "video_name": "recording_20210907_S04_S03_02_000578_000706_try1",
      "metrics_path": "/public/home/wenxin/egoallo/egoallo_egobody_trajectories/recording_20210907_S04_S03_02/gvhmr_exo/recording_20210907_S04_S03_02_000578_000706_try1_exo_world_optimized_reprojection_debug/metrics.json",
      "status": "ok",
      "root_l2_mean_m": 0.3050459027290344,
      "root_z_mean_m": 0.29216307401657104,
      "mpjpe_mean_m": 0.11789187043905258,
      "root_aligned_mpjpe_mean_m": 0.07906027138233185,
      "pa_mpjpe_mean_m": 0.06138712912797928,
      "reproj_vertex_in_image_mean": 0.8072463768115942,
      "reproj_joint_in_image_mean": 0.7152777777777778,
      "baseline_root_l2_mean_m": 0.30536407232284546,
      "baseline_mpjpe_mean_m": 0.11869550496339798,
      "baseline_pa_mpjpe_mean_m": 0.06138712912797928,
      "delta_root_l2_mean_m": -0.00031816959381103516,
      "delta_mpjpe_mean_m": -0.000803634524345398,
      "delta_pa_mpjpe_mean_m": 0.0,
      "ego_sensor_head_l2_mean_m": 0.09037923812866211,
      "ego_sensor_left_wrist_l2_mean_m": null,
      "ego_sensor_right_wrist_l2_mean_m": null
    },
    {
      "start_index": 706,
      "end_index": 834,
      "video_name": "recording_20210907_S04_S03_02_000706_000834_try1",
      "metrics_path": "/public/home/wenxin/egoallo/egoallo_egobody_trajectories/recording_20210907_S04_S03_02/gvhmr_exo/recording_20210907_S04_S03_02_000706_000834_try1_exo_world_optimized_reprojection_debug/metrics.json",
      "status": "ok",
      "root_l2_mean_m": 0.3202786147594452,
      "root_z_mean_m": 0.3158157467842102,
      "mpjpe_mean_m": 0.07495533674955368,
      "root_aligned_mpjpe_mean_m": 0.06714825332164764,
      "pa_mpjpe_mean_m": 0.05884310603141785,
      "reproj_vertex_in_image_mean": 0.7791304347826088,
      "reproj_joint_in_image_mean": 0.6805555555555557,
      "baseline_root_l2_mean_m": 0.3203390836715698,
      "baseline_mpjpe_mean_m": 0.07528004050254822,
      "baseline_pa_mpjpe_mean_m": 0.05884310603141785,
      "delta_root_l2_mean_m": -6.046891212463379e-05,
      "delta_mpjpe_mean_m": -0.00032470375299453735,
      "delta_pa_mpjpe_mean_m": 0.0,
      "ego_sensor_head_l2_mean_m": 0.09180954843759537,
      "ego_sensor_left_wrist_l2_mean_m": null,
      "ego_sensor_right_wrist_l2_mean_m": null
    }
  ]
}