{
  "exo_world_npz": "/public/home/wenxin/egoallo/egoallo_egobody_trajectories/recording_20210907_S04_S03_02/gvhmr_exo/recording_20210907_S04_S03_02_000000_000128_physics_sweep_exo_world_optimized.npz",
  "input_npz": "/public/home/wenxin/egoallo/egoallo_egobody_trajectories/recording_20210907_S04_S03_02/egobody_egoallo_input.npz",
  "recording": "recording_20210907_S04_S03_02",
  "start_index": 0,
  "end_index": 128,
  "num_frames": 128,
  "camera_convention": "opencv_to_holo",
  "gt_coordinate_mode": "kinect12_to_holo_zup",
  "root_pred_min": [
    -4.597046852111816,
    -0.1061876192688942,
    -0.2464713752269745
  ],
  "root_pred_max": [
    -4.394091606140137,
    0.15389741957187653,
    -0.20280972123146057
  ],
  "pv_camera_min": [
    -3.3116700649261475,
    0.5428199768066406,
    0.560168981552124
  ],
  "pv_camera_max": [
    -3.1408801078796387,
    0.7722049951553345,
    0.5784379839897156
  ],
  "gt_valid_frames": 128,
  "root_offset_pred_minus_gt_mean_m": [
    -0.0934266597032547,
    -0.04683810472488403,
    0.3446778357028961
  ],
  "root_offset_pred_minus_gt_median_m": [
    -0.09281277656555176,
    -0.046031445264816284,
    0.348344624042511
  ],
  "root_offset_pred_minus_gt_first_m": [
    -0.1888885498046875,
    -0.0467708446085453,
    0.3135402798652649
  ],
  "root_l2_error_m": {
    "mean": 0.3631504774093628,
    "median": 0.3602088689804077,
    "p90": 0.37604597210884094,
    "max": 0.412699818611145
  },
  "root_xy_error_m": {
    "mean": 0.10550475120544434,
    "median": 0.10531188547611237,
    "p90": 0.16421310603618622,
    "max": 0.22374482452869415
  },
  "root_z_error_m": {
    "mean": 0.3446778655052185,
    "median": 0.348344624042511,
    "p90": 0.35519951581954956,
    "max": 0.36160406470298767
  },
  "root_l2_error_mean_aligned_m": {
    "mean": 0.040494538843631744,
    "median": 0.03097810223698616,
    "p90": 0.0805441215634346,
    "max": 0.12048409879207611
  },
  "root_xy_error_mean_aligned_m": {
    "mean": 0.0390104204416275,
    "median": 0.029296642169356346,
    "p90": 0.07967574149370193,
    "max": 0.12046568095684052
  },
  "root_z_error_mean_aligned_m": {
    "mean": 0.00848036352545023,
    "median": 0.007918834686279297,
    "p90": 0.015172639861702919,
    "max": 0.031137555837631226
  },
  "root_l2_error_first_aligned_m": {
    "mean": 0.1042490229010582,
    "median": 0.10358600318431854,
    "p90": 0.15778599679470062,
    "max": 0.1837862879037857
  },
  "root_xy_error_first_aligned_m": {
    "mean": 0.09902604669332504,
    "median": 0.0973489060997963,
    "p90": 0.15206050872802734,
    "max": 0.1793612688779831
  },
  "root_z_error_first_aligned_m": {
    "mean": 0.03113757260143757,
    "median": 0.034804344177246094,
    "p90": 0.04165925085544586,
    "max": 0.04806378483772278
  },
  "root_delta_pred_min_m": [
    -0.06040143966674805,
    -0.05258787050843239,
    -0.010921195149421692
  ],
  "root_delta_pred_max_m": [
    0.14255380630493164,
    0.20749716460704803,
    0.032740458846092224
  ],
  "root_delta_gt_min_m": [
    -0.08069229125976562,
    0.0,
    -0.021482408046722412
  ],
  "root_delta_gt_max_m": [
    0.02615642547607422,
    0.20851397514343262,
    0.004154384136199951
  ],
  "gt_root_min": [
    -4.4284491539001465,
    -0.006828904151916504,
    -0.5705728530883789
  ],
  "gt_root_max": [
    -4.321600437164307,
    0.2016850709915161,
    -0.5449360609054565
  ],
  "exo_body_joint_metrics": {
    "valid_frames": 128,
    "joint_indices": [
      0,
      1,
      2,
      3,
      4,
      5,
      6,
      7,
      8,
      9,
      10,
      11,
      12,
      13,
      14,
      15,
      16,
      17,
      18,
      19,
      20,
      21
    ],
    "mpjpe_m": {
      "mean": 0.10318451374769211,
      "median": 0.09924187511205673,
      "p90": 0.13503314554691315,
      "max": 0.22648046910762787
    },
    "root_aligned_mpjpe_m": {
      "mean": 0.07017675042152405,
      "median": 0.06863170117139816,
      "p90": 0.0880914032459259,
      "max": 0.09511090070009232
    },
    "pa_mpjpe_m": {
      "mean": 0.05650709569454193,
      "median": 0.05382537096738815,
      "p90": 0.07619267702102661,
      "max": 0.07848575711250305
    }
  },
  "ego_sensor_head_track_error_m": {
    "valid_frames": 128,
    "l2_m": {
      "mean": 0.09957432001829147,
      "median": 0.09814800322055817,
      "p90": 0.10361673682928085,
      "max": 0.14265793561935425
    },
    "xyz_abs_m": {
      "x": {
        "mean": 0.0698375478386879,
        "median": 0.0687943696975708,
        "p90": 0.07665781676769257,
        "max": 0.07948184013366699
      },
      "y": {
        "mean": 0.06391629576683044,
        "median": 0.06292194128036499,
        "p90": 0.06689896434545517,
        "max": 0.12475472688674927
      },
      "z": {
        "mean": 0.029442543163895607,
        "median": 0.02946680784225464,
        "p90": 0.03551154211163521,
        "max": 0.03837871551513672
      }
    }
  },
  "ego_sensor_left_wrist_track_error_m": {
    "valid_frames": 0
  },
  "ego_sensor_right_wrist_track_error_m": {
    "valid_frames": 0
  },
  "baseline_comparison": {
    "source": "embedded_original",
    "root_l2_error_m": {
      "mean": 0.3260364532470703,
      "median": 0.3205287456512451,
      "p90": 0.3425278961658478,
      "max": 0.4231417179107666
    },
    "root_z_error_m": {
      "mean": 0.29700514674186707,
      "median": 0.296147882938385,
      "p90": 0.31194064021110535,
      "max": 0.34931105375289917
    },
    "delta_current_minus_baseline_root_l2_mean_m": 0.03711402416229248,
    "exo_body_joint_metrics": {
      "valid_frames": 128,
      "joint_indices": [
        0,
        1,
        2,
        3,
        4,
        5,
        6,
        7,
        8,
        9,
        10,
        11,
        12,
        13,
        14,
        15,
        16,
        17,
        18,
        19,
        20,
        21
      ],
      "mpjpe_m": {
        "mean": 0.12175260484218597,
        "median": 0.11905653774738312,
        "p90": 0.1575983613729477,
        "max": 0.23980830609798431
      },
      "root_aligned_mpjpe_m": {
        "mean": 0.07020953297615051,
        "median": 0.06868768483400345,
        "p90": 0.08696027100086212,
        "max": 0.09452319890260696
      },
      "pa_mpjpe_m": {
        "mean": 0.05650709196925163,
        "median": 0.05382537841796875,
        "p90": 0.07619266211986542,
        "max": 0.07848578691482544
      }
    },
    "delta_current_minus_baseline_mpjpe_mean_m": -0.018568091094493866,
    "delta_current_minus_baseline_pa_mpjpe_mean_m": 3.725290298461914e-09
  },
  "overlays": [
    {
      "sampled_vertices": 575.0,
      "vertex_positive_depth_fraction": 1.0,
      "vertex_in_image_fraction": 0.7582608695652174,
      "joint_positive_depth_fraction": 1.0,
      "joint_in_image_fraction": 0.625,
      "bbox_u_min": 1080.60595703125,
      "bbox_v_min": 368.9499206542969,
      "bbox_u_max": 1597.739501953125,
      "bbox_v_max": 1078.725341796875,
      "rel_index": 0,
      "input_index": 0,
      "frame_id": 1601,
      "image_path": "/public/home/wenxin/egobody/egocentric_color/recording_20210907_S04_S03_02/2021-09-07-171131/PV/132755011287702111_frame_01601.jpg",
      "output_path": "/public/home/wenxin/egoallo/egoallo_egobody_trajectories/recording_20210907_S04_S03_02/gvhmr_exo/recording_20210907_S04_S03_02_000000_000128_physics_sweep_exo_world_optimized_reprojection_debug/overlays/reprojection_0000_input_000000.jpg"
    },
    {
      "sampled_vertices": 575.0,
      "vertex_positive_depth_fraction": 1.0,
      "vertex_in_image_fraction": 0.7895652173913044,
      "joint_positive_depth_fraction": 1.0,
      "joint_in_image_fraction": 0.7083333333333334,
      "bbox_u_min": 1095.689697265625,
      "bbox_v_min": 250.47933959960938,
      "bbox_u_max": 1831.8330078125,
      "bbox_v_max": 1076.005126953125,
      "rel_index": 25,
      "input_index": 25,
      "frame_id": 1626,