{
  "exo_world_npz": "/public/home/wenxin/egoallo/egoallo_egobody_trajectories/recording_20210907_S04_S03_02/gvhmr_exo/recording_20210907_S04_S03_02_000128_000256_physics_sweep_exo_world_optimized.npz",
  "input_npz": "/public/home/wenxin/egoallo/egoallo_egobody_trajectories/recording_20210907_S04_S03_02/egobody_egoallo_input.npz",
  "recording": "recording_20210907_S04_S03_02",
  "start_index": 128,
  "end_index": 256,
  "num_frames": 128,
  "camera_convention": "opencv_to_holo",
  "gt_coordinate_mode": "kinect12_to_holo_zup",
  "root_pred_min": [
    -4.585564613342285,
    -0.07620611041784286,
    -0.29060107469558716
  ],
  "root_pred_max": [
    -4.0946269035339355,
    0.5717697739601135,
    -0.1870025247335434
  ],
  "pv_camera_min": [
    -3.335020065307617,
    0.739575982093811,
    0.5251910090446472
  ],
  "pv_camera_max": [
    -2.947010040283203,
    1.1127500534057617,
    0.5702270269393921
  ],
  "gt_valid_frames": 128,
  "root_offset_pred_minus_gt_mean_m": [
    -0.07178927958011627,
    -0.017284834757447243,
    0.340843141078949
  ],
  "root_offset_pred_minus_gt_median_m": [
    -0.07890963554382324,
    -0.017634041607379913,
    0.34631454944610596
  ],
  "root_offset_pred_minus_gt_first_m": [
    -0.03757333755493164,
    -0.018878228962421417,
    0.3474445939064026
  ],
  "root_l2_error_m": {
    "mean": 0.3532719910144806,
    "median": 0.3525758981704712,
    "p90": 0.37444576621055603,
    "max": 0.4587881565093994
  },
  "root_xy_error_m": {
    "mean": 0.08406572043895721,
    "median": 0.08323147892951965,
    "p90": 0.12656672298908234,
    "max": 0.37587210536003113
  },
  "root_z_error_m": {
    "mean": 0.3408432900905609,
    "median": 0.34631454944610596,
    "p90": 0.35614293813705444,
    "max": 0.3669686019420624
  },
  "root_l2_error_mean_aligned_m": {
    "mean": 0.04082731157541275,
    "median": 0.031122572720050812,
    "p90": 0.07257172465324402,
    "max": 0.40880200266838074
  },
  "root_xy_error_mean_aligned_m": {
    "mean": 0.037534043192863464,
    "median": 0.02865896001458168,
    "p90": 0.07042528688907623,
    "max": 0.40133610367774963
  },
  "root_z_error_mean_aligned_m": {
    "mean": 0.01242385059595108,
    "median": 0.010971307754516602,
    "p90": 0.02469959296286106,
    "max": 0.07777142524719238
  },
  "root_l2_error_first_aligned_m": {
    "mean": 0.05359053611755371,
    "median": 0.049055904150009155,
    "p90": 0.09047316759824753,
    "max": 0.40627551078796387
  },
  "root_xy_error_first_aligned_m": {
    "mean": 0.051087915897369385,
    "median": 0.04545209929347038,
    "p90": 0.08605349063873291,
    "max": 0.39741793274879456
  },
  "root_z_error_first_aligned_m": {
    "mean": 0.011441243812441826,
    "median": 0.006841287016868591,
    "p90": 0.028545519337058067,
    "max": 0.084372878074646
  },
  "root_delta_pred_min_m": [
    -0.166717529296875,
    -0.060061827301979065,
    -0.06698036193847656
  ],
  "root_delta_pred_max_m": [
    0.3242201805114746,
    0.5879140496253967,
    0.0366181880235672
  ],
  "root_delta_gt_min_m": [
    -0.08760690689086914,
    -0.01634681224822998,
    -0.0028265714645385742
  ],
  "root_delta_gt_max_m": [
    0.2642827033996582,
    0.2090473175048828,
    0.02796691656112671
  ],
  "gt_root_min": [
    -4.468880653381348,
    -0.013612866401672363,
    -0.5738918781280518
  ],
  "gt_root_max": [
    -4.11699104309082,
    0.21178126335144043,
    -0.5430983901023865
  ],
  "exo_body_joint_metrics": {
    "valid_frames": 128,
    "joint_indices": [
      0,
      1,
      2,
      3,
      4,
      5,
      6,
      7,
      8,
      9,
      10,
      11,
      12,
      13,
      14,
      15,
      16,
      17,
      18,
      19,
      20,
      21
    ],
    "mpjpe_m": {
      "mean": 0.09045632183551788,
      "median": 0.0858151912689209,
      "p90": 0.11949619650840759,
      "max": 0.4029332101345062
    },
    "root_aligned_mpjpe_m": {
      "mean": 0.07175441831350327,
      "median": 0.06962698698043823,
      "p90": 0.09256332367658615,
      "max": 0.11027462035417557
    },
    "pa_mpjpe_m": {
      "mean": 0.056472230702638626,
      "median": 0.05155935138463974,
      "p90": 0.08103316277265549,
      "max": 0.09490659832954407
    }
  },
  "ego_sensor_head_track_error_m": {
    "valid_frames": 128,
    "l2_m": {
      "mean": 0.09636647999286652,
      "median": 0.09633054584264755,
      "p90": 0.10100916773080826,
      "max": 0.10880297422409058
    },
    "xyz_abs_m": {
      "x": {
        "mean": 0.06991678476333618,
        "median": 0.06888806819915771,
        "p90": 0.0737447515130043,
        "max": 0.09299612045288086
      },
      "y": {
        "mean": 0.060196951031684875,
        "median": 0.06228664517402649,
        "p90": 0.06790834665298462,
        "max": 0.07202810049057007
      },
      "z": {
        "mean": 0.026427417993545532,
        "median": 0.02692463994026184,
        "p90": 0.030435532331466675,
        "max": 0.034335970878601074
      }
    }
  },
  "ego_sensor_left_wrist_track_error_m": {
    "valid_frames": 0
  },
  "ego_sensor_right_wrist_track_error_m": {
    "valid_frames": 0
  },
  "baseline_comparison": {
    "source": "embedded_original",
    "root_l2_error_m": {
      "mean": 0.32951241731643677,
      "median": 0.3280271589756012,
      "p90": 0.3581894040107727,
      "max": 0.4858907163143158
    },
    "root_z_error_m": {
      "mean": 0.31160134077072144,
      "median": 0.3135448098182678,
      "p90": 0.33335214853286743,
      "max": 0.3460273742675781
    },
    "delta_current_minus_baseline_root_l2_mean_m": 0.023759573698043823,
    "exo_body_joint_metrics": {
      "valid_frames": 128,
      "joint_indices": [
        0,
        1,
        2,
        3,
        4,
        5,
        6,
        7,
        8,
        9,
        10,
        11,
        12,
        13,
        14,
        15,
        16,
        17,
        18,
        19,
        20,
        21
      ],
      "mpjpe_m": {
        "mean": 0.10379278659820557,
        "median": 0.10090454667806625,
        "p90": 0.13304658234119415,
        "max": 0.47364723682403564
      },
      "root_aligned_mpjpe_m": {
        "mean": 0.07309260964393616,
        "median": 0.07091622799634933,
        "p90": 0.09733845293521881,
        "max": 0.10779543220996857
      },
      "pa_mpjpe_m": {
        "mean": 0.056472234427928925,
        "median": 0.05155937373638153,
        "p90": 0.08103317767381668,
        "max": 0.09490666538476944
      }
    },
    "delta_current_minus_baseline_mpjpe_mean_m": -0.013336464762687683,
    "delta_current_minus_baseline_pa_mpjpe_mean_m": -3.725290298461914e-09
  },
  "overlays": [
    {
      "sampled_vertices": 575.0,
      "vertex_positive_depth_fraction": 1.0,
      "vertex_in_image_fraction": 0.7947826086956522,
      "joint_positive_depth_fraction": 1.0,
      "joint_in_image_fraction": 0.7083333333333334,
      "bbox_u_min": 1057.679443359375,
      "bbox_v_min": 213.50152587890625,
      "bbox_u_max": 1743.048828125,
      "bbox_v_max": 1074.73193359375,
      "rel_index": 0,
      "input_index": 128,
      "frame_id": 1755,
      "image_path": "/public/home/wenxin/egobody/egocentric_color/recording_20210907_S04_S03_02/2021-09-07-171131/PV/132755011339014385_frame_01755.jpg",
      "output_path": "/public/home/wenxin/egoallo/egoallo_egobody_trajectories/recording_20210907_S04_S03_02/gvhmr_exo/recording_20210907_S04_S03_02_000128_000256_physics_sweep_exo_world_optimized_reprojection_debug/overlays/reprojection_0000_input_000128.jpg"
    },
    {
      "sampled_vertices": 575.0,
      "vertex_positive_depth_fraction": 1.0,
      "vertex_in_image_fraction": 0.7982608695652174,
      "joint_positive_depth_fraction": 1.0,
      "joint_in_image_fraction": 0.7083333333333334,
      "bbox_u_min": 1090.46044921875,
      "bbox_v_min": 209.51144409179688,
      "bbox_u_max": 1622.0927734375,
      "bbox_v_max": 1074.7012939453125,
      "rel_index": 25,