{
  "exo_world_npz": "/public/home/wenxin/egoallo/egoallo_egobody_trajectories/recording_20210907_S02_S01_01/gvhmr_exo/recording_20210907_S02_S01_01_000450_000578_realK_exo_world_optimized.npz",
  "input_npz": "/public/home/wenxin/egoallo/egoallo_egobody_trajectories/recording_20210907_S02_S01_01/egobody_egoallo_input.npz",
  "recording": "recording_20210907_S02_S01_01",
  "start_index": 450,
  "end_index": 578,
  "num_frames": 128,
  "camera_convention": "opencv_to_holo",
  "gt_coordinate_mode": "kinect12_to_holo_zup",
  "root_pred_min": [
    1.7622129917144775,
    -0.7018371820449829,
    -0.7984514832496643
  ],
  "root_pred_max": [
    2.0197176933288574,
    -0.6065043807029724,
    -0.5656688213348389
  ],
  "pv_camera_min": [
    -0.001990679884329438,
    -0.16336700320243835,
    -0.05418020114302635
  ],
  "pv_camera_max": [
    0.1467760056257248,
    -0.12244900315999985,
    0.16165000200271606
  ],
  "gt_valid_frames": 128,
  "root_offset_pred_minus_gt_mean_m": [
    0.02256600931286812,
    -0.03292118012905121,
    0.25909000635147095
  ],
  "root_offset_pred_minus_gt_median_m": [
    0.000270843505859375,
    -0.02357831597328186,
    0.24232915043830872
  ],
  "root_offset_pred_minus_gt_first_m": [
    0.07489192485809326,
    -0.06423109769821167,
    0.2276819348335266
  ],
  "root_l2_error_m": {
    "mean": 0.27597928047180176,
    "median": 0.25640010833740234,
    "p90": 0.37093162536621094,
    "max": 0.3865315020084381
  },
  "root_xy_error_m": {
    "mean": 0.0753989964723587,
    "median": 0.0633058100938797,
    "p90": 0.14836588501930237,
    "max": 0.18348947167396545
  },
  "root_z_error_m": {
    "mean": 0.25909000635147095,
    "median": 0.24232915043830872,
    "p90": 0.3668089509010315,
    "max": 0.3803943991661072
  },
  "root_l2_error_mean_aligned_m": {
    "mean": 0.09385716170072556,
    "median": 0.09304177761077881,
    "p90": 0.1480141133069992,
    "max": 0.16958017647266388
  },
  "root_xy_error_mean_aligned_m": {
    "mean": 0.07068534940481186,
    "median": 0.06889297068119049,
    "p90": 0.11610756814479828,
    "max": 0.15090787410736084
  },
  "root_z_error_mean_aligned_m": {
    "mean": 0.05632254108786583,
    "median": 0.05629992485046387,
    "p90": 0.10771893709897995,
    "max": 0.12130439281463623
  },
  "root_l2_error_first_aligned_m": {
    "mean": 0.10731668770313263,
    "median": 0.09330909699201584,
    "p90": 0.19274930655956268,
    "max": 0.21548330783843994
  },
  "root_xy_error_first_aligned_m": {
    "mean": 0.08711989223957062,
    "median": 0.0876893550157547,
    "p90": 0.14941006898880005,
    "max": 0.15363091230392456
  },
  "root_z_error_first_aligned_m": {
    "mean": 0.05557550489902496,
    "median": 0.042636603116989136,
    "p90": 0.13912701606750488,
    "max": 0.15271246433258057
  },
  "root_delta_pred_min_m": [
    -0.1761634349822998,
    -0.031382858753204346,
    -0.001546621322631836
  ],
  "root_delta_pred_max_m": [
    0.08134126663208008,
    0.06394994258880615,
    0.2312360405921936
  ],
  "root_delta_gt_min_m": [
    -0.056578874588012695,
    -0.026798725128173828,
    -0.04174911975860596
  ],
  "root_delta_gt_max_m": [
    0.013399600982666016,
    0.012329578399658203,
    0.20557010173797607
  ],
  "gt_root_min": [
    1.8069056272506714,
    -0.6330219507217407,
    -1.066335916519165
  ],
  "gt_root_max": [
    1.87688410282135,
    -0.5938936471939087,
    -0.819016695022583
  ],
  "exo_body_joint_metrics": {
    "valid_frames": 128,
    "joint_indices": [
      0,
      1,
      2,
      3,
      4,
      5,
      6,
      7,
      8,
      9,
      10,
      11,
      12,
      13,
      14,
      15,
      16,
      17,
      18,
      19,
      20,
      21
    ],
    "mpjpe_m": {
      "mean": 0.1479276418685913,
      "median": 0.1544419527053833,
      "p90": 0.19337645173072815,
      "max": 0.19778576493263245
    },
    "root_aligned_mpjpe_m": {
      "mean": 0.08588650822639465,
      "median": 0.076713427901268,
      "p90": 0.125108540058136,
      "max": 0.13767677545547485
    },
    "pa_mpjpe_m": {
      "mean": 0.05619592219591141,
      "median": 0.05853847786784172,
      "p90": 0.0693034902215004,
      "max": 0.0788537859916687
    }
  },
  "ego_sensor_head_track_error_m": {
    "valid_frames": 128,
    "l2_m": {
      "mean": 0.10062892735004425,
      "median": 0.10450948774814606,
      "p90": 0.11339122802019119,
      "max": 0.11954229325056076
    },
    "xyz_abs_m": {
      "x": {
        "mean": 0.07643695175647736,
        "median": 0.07402072846889496,
        "p90": 0.09368426352739334,
        "max": 0.09871673583984375
      },
      "y": {
        "mean": 0.023362325504422188,
        "median": 0.02451867237687111,
        "p90": 0.03488026559352875,
        "max": 0.046306222677230835
      },
      "z": {
        "mean": 0.05745659023523331,
        "median": 0.05871773138642311,
        "p90": 0.079212985932827,
        "max": 0.08347956836223602
      }
    }
  },
  "ego_sensor_left_wrist_track_error_m": {
    "valid_frames": 26,
    "l2_m": {
      "mean": 0.05051136016845703,
      "median": 0.040243249386548996,
      "p90": 0.06881235539913177,
      "max": 0.12031297385692596
    },
    "xyz_abs_m": {
      "x": {
        "mean": 0.012395650148391724,
        "median": 0.011157438158988953,
        "p90": 0.02201882004737854,
        "max": 0.028208822011947632
      },
      "y": {
        "mean": 0.0087371114641428,
        "median": 0.00782463513314724,
        "p90": 0.018366273492574692,
        "max": 0.021215002983808517
      },
      "z": {
        "mean": 0.04683170095086098,
        "median": 0.035823896527290344,
        "p90": 0.06802327930927277,
        "max": 0.116575226187706
      }
    }
  },
  "ego_sensor_right_wrist_track_error_m": {
    "valid_frames": 108,
    "l2_m": {
      "mean": 0.07436639815568924,
      "median": 0.07085487991571426,
      "p90": 0.12076343595981598,
      "max": 0.1869424432516098
    },
    "xyz_abs_m": {
      "x": {
        "mean": 0.031506896018981934,
        "median": 0.030064657330513,
        "p90": 0.05596176162362099,
        "max": 0.07078410685062408
      },
      "y": {
        "mean": 0.045034799724817276,
        "median": 0.041339606046676636,
        "p90": 0.08793681859970093,
        "max": 0.11453688144683838
      },
      "z": {
        "mean": 0.036682963371276855,
        "median": 0.02957502007484436,
        "p90": 0.07477351278066635,
        "max": 0.1680394411087036
      }
    }
  },
  "baseline_comparison": {
    "source": "embedded_original",
    "root_l2_error_m": {
      "mean": 0.40372344851493835,
      "median": 0.3941064476966858,
      "p90": 0.4473980665206909,
      "max": 0.47629547119140625
    },
    "root_z_error_m": {
      "mean": 0.39419060945510864,
      "median": 0.3914813995361328,
      "p90": 0.4236984848976135,
      "max": 0.437292218208313
    },
    "delta_current_minus_baseline_root_l2_mean_m": -0.1277441680431366,
    "exo_body_joint_metrics": {
      "valid_frames": 128,
      "joint_indices": [
        0,
        1,
        2,
        3,
        4,
        5,
        6,
        7,
        8,
        9,
        10,
        11,
        12,
        13,
        14,
        15,
        16,
        17,
        18,
        19,
        20,
        21
      ],
      "mpjpe_m": {
        "mean": 0.11144320666790009,
        "median": 0.10849468410015106,
        "p90": 0.1329152137041092,
        "max": 0.14751963317394257
      },
      "root_aligned_mpjpe_m": {
        "mean": 0.08588650822639465,
        "median": 0.076713427901268,
        "p90": 0.125108540058136,
        "max": 0.13767679035663605
      },
      "pa_mpjpe_m": {
        "mean": 0.05619592219591141,
        "median": 0.05853847414255142,
        "p90": 0.0693034902215004,
        "max": 0.0788537934422493
      }
    },
    "delta_current_minus_baseline_mpjpe_mean_m": 0.03648443520069122,