{
  "exo_world_npz": "/public/home/wenxin/egoallo/egoallo_egobody_trajectories/recording_20210907_S02_S01_01/gvhmr_exo/recording_20210907_S02_S01_01_000450_000578_exo_world_identity.npz",
  "input_npz": "/public/home/wenxin/egoallo/egoallo_egobody_trajectories/recording_20210907_S02_S01_01/egobody_egoallo_input.npz",
  "recording": "recording_20210907_S02_S01_01",
  "start_index": 450,
  "end_index": 578,
  "num_frames": 128,
  "camera_convention": "identity",
  "gt_coordinate_mode": "kinect12_to_holo_zup",
  "root_pred_min": [
    -2.983042001724243,
    0.16450947523117065,
    0.5682975053787231
  ],
  "root_pred_max": [
    -2.350393772125244,
    0.5243043303489685,
    0.8610092997550964
  ],
  "pv_camera_min": [
    -0.001990679884329438,
    -0.16336700320243835,
    -0.05418020114302635
  ],
  "pv_camera_max": [
    0.1467760056257248,
    -0.12244900315999985,
    0.16165000200271606
  ],
  "gt_valid_frames": 128,
  "root_l2_error_m": {
    "mean": 4.837308883666992,
    "median": 4.7675323486328125,
    "p90": 5.1140007972717285,
    "max": 5.159985065460205
  },
  "root_xy_error_m": {
    "mean": 4.560240745544434,
    "median": 4.494407653808594,
    "p90": 4.9086689949035645,
    "max": 4.954455852508545
  },
  "root_z_error_m": {
    "mean": 1.6040167808532715,
    "median": 1.5880404710769653,
    "p90": 1.7470636367797852,
    "max": 1.8516478538513184
  },
  "gt_root_min": [
    1.8069056272506714,
    -0.6330219507217407,
    -1.066335916519165
  ],
  "gt_root_max": [
    1.87688410282135,
    -0.5938936471939087,
    -0.819016695022583
  ],
  "overlays": [
    {
      "sampled_vertices": 575.0,
      "vertex_positive_depth_fraction": 1.0,
      "vertex_in_image_fraction": 0.8730434782608696,
      "joint_positive_depth_fraction": 1.0,
      "joint_in_image_fraction": 0.75,
      "bbox_u_min": 833.5390625,
      "bbox_v_min": 541.5759887695312,
      "bbox_u_max": 1106.857421875,
      "bbox_v_max": 1079.1605224609375,
      "rel_index": 0,
      "input_index": 450,
      "frame_id": 2500,
      "image_path": "/public/home/wenxin/egobody/egocentric_color/recording_20210907_S02_S01_01/2021-09-07-155421/PV/132754965662807245_frame_02500.jpg",
      "output_path": "/public/home/wenxin/egoallo/egoallo_egobody_trajectories/recording_20210907_S02_S01_01/gvhmr_exo/recording_20210907_S02_S01_01_000450_000578_exo_world_identity_reprojection_debug/overlays/reprojection_0000_input_000450.jpg"
    },
    {
      "sampled_vertices": 575.0,
      "vertex_positive_depth_fraction": 1.0,
      "vertex_in_image_fraction": 0.8991304347826087,
      "joint_positive_depth_fraction": 1.0,
      "joint_in_image_fraction": 0.8333333333333334,
      "bbox_u_min": 844.4008178710938,
      "bbox_v_min": 384.5454406738281,
      "bbox_u_max": 1105.572998046875,
      "bbox_v_max": 1078.487060546875,
      "rel_index": 25,
      "input_index": 475,
      "frame_id": 2527,
      "image_path": "/public/home/wenxin/egobody/egocentric_color/recording_20210907_S02_S01_01/2021-09-07-155421/PV/132754965671803540_frame_02527.jpg",
      "output_path": "/public/home/wenxin/egoallo/egoallo_egobody_trajectories/recording_20210907_S02_S01_01/gvhmr_exo/recording_20210907_S02_S01_01_000450_000578_exo_world_identity_reprojection_debug/overlays/reprojection_0025_input_000475.jpg"
    },
    {
      "sampled_vertices": 575.0,
      "vertex_positive_depth_fraction": 1.0,
      "vertex_in_image_fraction": 1.0,
      "joint_positive_depth_fraction": 1.0,
      "joint_in_image_fraction": 1.0,
      "bbox_u_min": 814.3400268554688,
      "bbox_v_min": 201.88055419921875,
      "bbox_u_max": 1182.1737060546875,
      "bbox_v_max": 1070.579345703125,
      "rel_index": 51,
      "input_index": 501,
      "frame_id": 2553,
      "image_path": "/public/home/wenxin/egobody/egocentric_color/recording_20210907_S02_S01_01/2021-09-07-155421/PV/132754965680466639_frame_02553.jpg",
      "output_path": "/public/home/wenxin/egoallo/egoallo_egobody_trajectories/recording_20210907_S02_S01_01/gvhmr_exo/recording_20210907_S02_S01_01_000450_000578_exo_world_identity_reprojection_debug/overlays/reprojection_0051_input_000501.jpg"
    },
    {
      "sampled_vertices": 575.0,
      "vertex_positive_depth_fraction": 1.0,
      "vertex_in_image_fraction": 0.9095652173913044,
      "joint_positive_depth_fraction": 1.0,
      "joint_in_image_fraction": 0.8333333333333334,
      "bbox_u_min": 809.7361450195312,
      "bbox_v_min": 347.71063232421875,
      "bbox_u_max": 1194.5118408203125,
      "bbox_v_max": 1074.4918212890625,
      "rel_index": 76,
      "input_index": 526,
      "frame_id": 2579,
      "image_path": "/public/home/wenxin/egobody/egocentric_color/recording_20210907_S02_S01_01/2021-09-07-155421/PV/132754965689129737_frame_02579.jpg",
      "output_path": "/public/home/wenxin/egoallo/egoallo_egobody_trajectories/recording_20210907_S02_S01_01/gvhmr_exo/recording_20210907_S02_S01_01_000450_000578_exo_world_identity_reprojection_debug/overlays/reprojection_0076_input_000526.jpg"
    },
    {
      "sampled_vertices": 575.0,
      "vertex_positive_depth_fraction": 1.0,
      "vertex_in_image_fraction": 0.8852173913043478,
      "joint_positive_depth_fraction": 1.0,
      "joint_in_image_fraction": 0.8333333333333334,
      "bbox_u_min": 889.7488403320312,
      "bbox_v_min": 478.192138671875,
      "bbox_u_max": 1122.4329833984375,
      "bbox_v_max": 1075.046630859375,
      "rel_index": 102,
      "input_index": 552,
      "frame_id": 2607,
      "image_path": "/public/home/wenxin/egobody/egocentric_color/recording_20210907_S02_S01_01/2021-09-07-155421/PV/132754965698459228_frame_02607.jpg",
      "output_path": "/public/home/wenxin/egoallo/egoallo_egobody_trajectories/recording_20210907_S02_S01_01/gvhmr_exo/recording_20210907_S02_S01_01_000450_000578_exo_world_identity_reprojection_debug/overlays/reprojection_0102_input_000552.jpg"
    },
    {
      "sampled_vertices": 575.0,
      "vertex_positive_depth_fraction": 1.0,
      "vertex_in_image_fraction": 0.8643478260869565,
      "joint_positive_depth_fraction": 1.0,
      "joint_in_image_fraction": 0.75,
      "bbox_u_min": 769.7626953125,
      "bbox_v_min": 533.6508178710938,
      "bbox_u_max": 1151.37451171875,
      "bbox_v_max": 1076.13232421875,
      "rel_index": 127,
      "input_index": 577,
      "frame_id": 2635,
      "image_path": "/public/home/wenxin/egobody/egocentric_color/recording_20210907_S02_S01_01/2021-09-07-155421/PV/132754965707788720_frame_02635.jpg",
      "output_path": "/public/home/wenxin/egoallo/egoallo_egobody_trajectories/recording_20210907_S02_S01_01/gvhmr_exo/recording_20210907_S02_S01_01_000450_000578_exo_world_identity_reprojection_debug/overlays/reprojection_0127_input_000577.jpg"
    }
  ],
  "overlay_vertex_positive_depth_fraction_mean": 1.0,
  "overlay_vertex_in_image_fraction_mean": 0.9052173913043479,
  "overlay_joint_positive_depth_fraction_mean": 1.0,
  "overlay_joint_in_image_fraction_mean": 0.8333333333333334
}